{
   "abstract" : "Perl GUI Test Utilities.",
   "author" : [
      "Dennis K. Paulsen (ctrondlp@cpan.org), Ernesto Guisado (erngui@acm.org)"
   ],
   "dynamic_config" : 0,
   "generated_by" : "ExtUtils::MakeMaker version 6.56, CPAN::Meta::Converter version 2.112150",
   "license" : [
      "unknown"
   ],
   "meta-spec" : {
      "url" : "http://search.cpan.org/perldoc?CPAN::Meta::Spec",
      "version" : "2"
   },
   "name" : "Win32-GuiTest",
   "no_index" : {
      "directory" : [
         "t",
         "inc"
      ]
   },
   "prereqs" : {
      "build" : {
         "requires" : {
            "ExtUtils::MakeMaker" : 0
         }
      },
      "configure" : {
         "requires" : {
            "ExtUtils::MakeMaker" : 0
         }
      },
      "runtime" : {
         "requires" : {}
      }
   },
   "release_status" : "stable",
   "version" : "1.58"
}
